<application>
  <component name="ProjectJdkTable">
    <jdk version="2">
      <name value="Python 3.8 (pySIMDEUM)" />
      <type value="Python SDK" />
      <homePath value="C:\Anaconda3\envs\pySIMDEUM\python.exe" />
      <roots>
        <classPath>
          <root type="composite">
            <root url="file://C:/ProgramData/Anaconda3/envs/pySIMDEUM/DLLs" type="simple" />
            <root url="file://C:/ProgramData/Anaconda3/envs/pySIMDEUM/Lib" type="simple" />
            <root url="file://C:/ProgramData/Anaconda3/envs/pySIMDEUM/Lib/site-packages" type="simple" />
            <root url="file://$USER_HOME$/AppData/Local/JetBrains/PyCharmCE2020.3/python_stubs/378969937" type="simple" />
            <root url="file://$APPLICATION_HOME_DIR$/plugins/python-ce/helpers/python-skeletons" type="simple" />
            <root url="file://$APPLICATION_HOME_DIR$/plugins/python-ce/helpers/typeshed/stdlib/3.7" type="simple" />
            <root url="file://$APPLICATION_HOME_DIR$/plugins/python-ce/helpers/typeshed/stdlib/3" type="simple" />
            <root url="file://$APPLICATION_HOME_DIR$/plugins/python-ce/helpers/typeshed/stdlib/2and3" type="simple" />
            <root url="file://$APPLICATION_HOME_DIR$/plugins/python-ce/helpers/typeshed/third_party/3" type="simple" />
            <root url="file://$APPLICATION_HOME_DIR$/plugins/python-ce/helpers/typeshed/third_party/2and3" type="simple" />
          </root>
        </classPath>
        <sourcePath>
          <root type="composite" />
        </sourcePath>
      </roots>
      <additional ASSOCIATED_PROJECT_PATH="D:/OneDrive/MSOD2work/20210201-KWR/00-SourceCode/KWR-Github/pySIMDEUM" />
    </jdk>
    <jdk version="2">
      <name value="Python 3.8 (digitaltwins)" />
      <type value="Python SDK" />
      <homePath value="C:\Anaconda3\envs\digitaltwins\python.exe" />
      <roots>
        <classPath>
          <root type="composite">
            <root url="file://C:/ProgramData/Anaconda3/envs/digitaltwins/DLLs" type="simple" />
            <root url="file://C:/ProgramData/Anaconda3/envs/digitaltwins/Lib" type="simple" />
            <root url="file://C:/ProgramData/Anaconda3/envs/digitaltwins/Lib/site-packages" type="simple" />
            <root url="file://$USER_HOME$/AppData/Local/JetBrains/PyCharmCE2020.3/python_stubs/-1982163629" type="simple" />
            <root url="file://$APPLICATION_HOME_DIR$/plugins/python-ce/helpers/python-skeletons" type="simple" />
            <root url="file://$APPLICATION_HOME_DIR$/plugins/python-ce/helpers/typeshed/stdlib/3.7" type="simple" />
            <root url="file://$APPLICATION_HOME_DIR$/plugins/python-ce/helpers/typeshed/stdlib/3" type="simple" />
            <root url="file://$APPLICATION_HOME_DIR$/plugins/python-ce/helpers/typeshed/stdlib/2and3" type="simple" />
            <root url="file://$APPLICATION_HOME_DIR$/plugins/python-ce/helpers/typeshed/third_party/3" type="simple" />
            <root url="file://$APPLICATION_HOME_DIR$/plugins/python-ce/helpers/typeshed/third_party/2and3" type="simple" />
          </root>
        </classPath>
        <sourcePath>
          <root type="composite" />
        </sourcePath>
      </roots>
      <additional ASSOCIATED_PROJECT_PATH="D:/OneDrive/MSOD2work/20210201-KWR/02-Projects/202102_02-DigitalTwinsII/Code/DigitalTwins" />
    </jdk>
    <jdk version="2">
      <name value="Python 3.8 (midas)" />
      <type value="Python SDK" />
      <homePath value="C:\Anaconda3\envs\midas\python.exe" />
      <roots>
        <classPath>
          <root type="composite">
            <root url="file://C:/ProgramData/Anaconda3/envs/midas/DLLs" type="simple" />
            <root url="file://C:/ProgramData/Anaconda3/envs/midas/Lib" type="simple" />
            <root url="file://C:/ProgramData/Anaconda3/envs/midas/Lib/site-packages" type="simple" />
            <root url="file://$USER_HOME$/AppData/Local/JetBrains/PyCharmCE2020.3/python_stubs/-352789666" type="simple" />
            <root url="file://$APPLICATION_HOME_DIR$/plugins/python-ce/helpers/python-skeletons" type="simple" />
            <root url="file://$APPLICATION_HOME_DIR$/plugins/python-ce/helpers/typeshed/stdlib/3.7" type="simple" />
            <root url="file://$APPLICATION_HOME_DIR$/plugins/python-ce/helpers/typeshed/stdlib/3" type="simple" />
            <root url="file://$APPLICATION_HOME_DIR$/plugins/python-ce/helpers/typeshed/stdlib/2and3" type="simple" />
            <root url="file://$APPLICATION_HOME_DIR$/plugins/python-ce/helpers/typeshed/third_party/3" type="simple" />
            <root url="file://$APPLICATION_HOME_DIR$/plugins/python-ce/helpers/typeshed/third_party/2and3" type="simple" />
          </root>
        </classPath>
        <sourcePath>
          <root type="composite" />
        </sourcePath>
      </roots>
      <additional ASSOCIATED_PROJECT_PATH="D:/OneDrive/MSOD2work/20210201-KWR/02-Projects/Midas" />
    </jdk>
    <jdk version="2">
      <name value="Python 3.8 (smartwaternetwork)" />
      <type value="Python SDK" />
      <homePath value="C:\Anaconda3\envs\smartwaternetwork\python.exe" />
      <roots>
        <classPath>
          <root type="composite">
            <root url="file://C:/ProgramData/Anaconda3/envs/smartwaternetwork/DLLs" type="simple" />
            <root url="file://C:/ProgramData/Anaconda3/envs/smartwaternetwork/Lib" type="simple" />
            <root url="file://C:/ProgramData/Anaconda3/envs/smartwaternetwork/Lib/site-packages" type="simple" />
            <root url="file://C:/ProgramData/Anaconda3/envs/smartwaternetwork/Lib/site-packages/win32" type="simple" />
            <root url="file://C:/ProgramData/Anaconda3/envs/smartwaternetwork/Lib/site-packages/win32/lib" type="simple" />
            <root url="file://C:/ProgramData/Anaconda3/envs/smartwaternetwork/Lib/site-packages/pythonwin" type="simple" />
            <root url="file://$USER_HOME$/AppData/Local/JetBrains/PyCharmCE2020.3/python_stubs/-1036191464" type="simple" />
            <root url="file://$APPLICATION_HOME_DIR$/plugins/python-ce/helpers/python-skeletons" type="simple" />
            <root url="file://$APPLICATION_HOME_DIR$/plugins/python-ce/helpers/typeshed/stdlib/3.7" type="simple" />
            <root url="file://$APPLICATION_HOME_DIR$/plugins/python-ce/helpers/typeshed/stdlib/3" type="simple" />
            <root url="file://$APPLICATION_HOME_DIR$/plugins/python-ce/helpers/typeshed/stdlib/2and3" type="simple" />
            <root url="file://$APPLICATION_HOME_DIR$/plugins/python-ce/helpers/typeshed/third_party/3" type="simple" />
            <root url="file://$APPLICATION_HOME_DIR$/plugins/python-ce/helpers/typeshed/third_party/2and3" type="simple" />
          </root>
        </classPath>
        <sourcePath>
          <root type="composite" />
        </sourcePath>
      </roots>
      <additional ASSOCIATED_PROJECT_PATH="D:/OneDrive/MSOD2work/20210201-KWR/02-Projects/SmartWaterNetwork" />
    </jdk>
    <jdk version="2">
      <name value="Python 3.8 (d3d)" />
      <type value="Python SDK" />
      <homePath value="C:\Anaconda3\envs\d3d\python.exe" />
      <roots>
        <classPath>
          <root type="composite">
            <root url="file://C:/ProgramData/Anaconda3/envs/d3d/DLLs" type="simple" />
            <root url="file://C:/ProgramData/Anaconda3/envs/d3d/Lib" type="simple" />
            <root url="file://C:/ProgramData/Anaconda3/envs/d3d/Lib/site-packages" type="simple" />
            <root url="file://$USER_HOME$/AppData/Local/JetBrains/PyCharmCE2020.3/python_stubs/-1733424829" type="simple" />
            <root url="file://$APPLICATION_HOME_DIR$/plugins/python-ce/helpers/python-skeletons" type="simple" />
            <root url="file://$APPLICATION_HOME_DIR$/plugins/python-ce/helpers/typeshed/stdlib/3.7" type="simple" />
            <root url="file://$APPLICATION_HOME_DIR$/plugins/python-ce/helpers/typeshed/stdlib/3" type="simple" />
            <root url="file://$APPLICATION_HOME_DIR$/plugins/python-ce/helpers/typeshed/stdlib/2and3" type="simple" />
            <root url="file://$APPLICATION_HOME_DIR$/plugins/python-ce/helpers/typeshed/third_party/3" type="simple" />
            <root url="file://$APPLICATION_HOME_DIR$/plugins/python-ce/helpers/typeshed/third_party/2and3" type="simple" />
          </root>
        </classPath>
        <sourcePath>
          <root type="composite" />
        </sourcePath>
      </roots>
      <additional ASSOCIATED_PROJECT_PATH="D:/OneDrive/MSOD2work/20210201-KWR/02-Projects/D3D" />
    </jdk>
    <jdk version="2">
      <name value="Python 3.8" />
      <type value="Python SDK" />
      <version value="Python 3.8.3" />
      <homePath value="C:\Anaconda3\python.exe" />
      <roots>
        <classPath>
          <root type="composite">
            <root url="file://C:/Anaconda3/DLLs" type="simple" />
            <root url="file://C:/Anaconda3/Lib" type="simple" />
            <root url="file://C:/Anaconda3/Lib/site-packages" type="simple" />
            <root url="file://C:/Anaconda3/Lib/site-packages/win32" type="simple" />
            <root url="file://C:/Anaconda3/Lib/site-packages/win32/lib" type="simple" />
            <root url="file://C:/Anaconda3/Lib/site-packages/pythonwin" type="simple" />
            <root url="file://$USER_HOME$/AppData/Local/JetBrains/PyCharmCE2020.3/python_stubs/1013586911" type="simple" />
            <root url="file://$APPLICATION_HOME_DIR$/plugins/python-ce/helpers/python-skeletons" type="simple" />
            <root url="file://$APPLICATION_HOME_DIR$/plugins/python-ce/helpers/typeshed/stdlib/3.7" type="simple" />
            <root url="file://$APPLICATION_HOME_DIR$/plugins/python-ce/helpers/typeshed/stdlib/3" type="simple" />
            <root url="file://$APPLICATION_HOME_DIR$/plugins/python-ce/helpers/typeshed/stdlib/2and3" type="simple" />
            <root url="file://$APPLICATION_HOME_DIR$/plugins/python-ce/helpers/typeshed/third_party/3" type="simple" />
            <root url="file://$APPLICATION_HOME_DIR$/plugins/python-ce/helpers/typeshed/third_party/2and3" type="simple" />
          </root>
        </classPath>
        <sourcePath>
          <root type="composite" />
        </sourcePath>
      </roots>
      <additional />
    </jdk>
  </component>
</application>