<application>
  <component name="PluginAdvertiserExtensions">
    <option name="localState">
      <map>
        <entry key="*.ane">
          <value>
            <plugin>
              <option name="myPluginId" value="com.intellij" />
              <option name="myPluginName" value="IDEA CORE" />
              <option name="myBundled" value="true" />
            </plugin>
          </value>
        </entry>
        <entry key="*.ant">
          <value>
            <plugin>
              <option name="myPluginId" value="com.intellij" />
              <option name="myPluginName" value="IDEA CORE" />
              <option name="myBundled" value="true" />
            </plugin>
          </value>
        </entry>
        <entry key="*.apk">
          <value>
            <plugin>
              <option name="myPluginId" value="com.intellij" />
              <option name="myPluginName" value="IDEA CORE" />
              <option name="myBundled" value="true" />
            </plugin>
          </value>
        </entry>
        <entry key="*.bash">
          <value>
            <plugin>
              <option name="myPluginId" value="com.jetbrains.sh" />
              <option name="myPluginName" value="Shell Script" />
              <option name="myBundled" value="true" />
            </plugin>
          </value>
        </entry>
        <entry key="*.bigtiff">
          <value>
            <plugin>
              <option name="myPluginId" value="com.intellij.platform.images" />
              <option name="myPluginName" value="com.intellij.platform.images" />
              <option name="myBundled" value="true" />
            </plugin>
          </value>
        </entry>
        <entry key="*.bmp">
          <value>
            <plugin>
              <option name="myPluginId" value="com.intellij.platform.images" />
              <option name="myPluginName" value="com.intellij.platform.images" />
              <option name="myBundled" value="true" />
            </plugin>
          </value>
        </entry>
        <entry key="*.boringignore">
          <value>
            <plugin>
              <option name="myPluginId" value="mobi.hsz.idea.gitignore" />
              <option name="myPluginName" value=".ignore" />
            </plugin>
          </value>
        </entry>
        <entry key="*.bzrignore">
          <value>
            <plugin>
              <option name="myPluginId" value="mobi.hsz.idea.gitignore" />
              <option name="myPluginName" value=".ignore" />
            </plugin>
          </value>
        </entry>
        <entry key="*.cfignore">
          <value>
            <plugin>
              <option name="myPluginId" value="mobi.hsz.idea.gitignore" />
              <option name="myPluginName" value=".ignore" />
            </plugin>
          </value>
        </entry>
        <entry key="*.chefignore">
          <value>
            <plugin>
              <option name="myPluginId" value="mobi.hsz.idea.gitignore" />
              <option name="myPluginName" value=".ignore" />
            </plugin>
          </value>
        </entry>
        <entry key="*.chm">
          <value>
            <plugin>
              <option name="myPluginId" value="com.intellij" />
              <option name="myPluginName" value="IDEA CORE" />
              <option name="myBundled" value="true" />
            </plugin>
          </value>
        </entry>
        <entry key="*.csv">
          <value>
            <plugin>
              <option name="myPluginId" value="net.seesharpsoft.intellij.plugins.csv" />
              <option name="myPluginName" value="CSV Plugin" />
            </plugin>
          </value>
        </entry>
        <entry key="*.cvsignore">
          <value>
            <plugin>
              <option name="myPluginId" value="mobi.hsz.idea.gitignore" />
              <option name="myPluginName" value=".ignore" />
            </plugin>
          </value>
        </entry>
        <entry key="*.dcx">
          <value>
            <plugin>
              <option name="myPluginId" value="com.intellij.platform.images" />
              <option name="myPluginName" value="com.intellij.platform.images" />
              <option name="myBundled" value="true" />
            </plugin>
          </value>
        </entry>
        <entry key="*.dic">
          <value>
            <plugin>
              <option name="myPluginId" value="com.intellij" />
              <option name="myPluginName" value="IDEA CORE" />
              <option name="myBundled" value="true" />
            </plugin>
          </value>
        </entry>
        <entry key="*.diff">
          <value>
            <plugin>
              <option name="myPluginId" value="com.intellij" />
              <option name="myPluginName" value="IDEA CORE" />
              <option name="myBundled" value="true" />
            </plugin>
          </value>
        </entry>
        <entry key="*.doc">
          <value>
            <plugin>
              <option name="myPluginId" value="com.intellij" />
              <option name="myPluginName" value="IDEA CORE" />
              <option name="myBundled" value="true" />
            </plugin>
          </value>
        </entry>
        <entry key="*.dockerfile">
          <value>
            <plugin>
              <option name="myPluginId" value="Docker" />
              <option name="myPluginName" value="Docker" />
            </plugin>
          </value>
        </entry>
        <entry key="*.dockerignore">
          <value>
            <plugin>
              <option name="myPluginId" value="mobi.hsz.idea.gitignore" />
              <option name="myPluginName" value=".ignore" />
            </plugin>
          </value>
        </entry>
        <entry key="*.docx">
          <value>
            <plugin>
              <option name="myPluginId" value="com.intellij" />
              <option name="myPluginName" value="IDEA CORE" />
              <option name="myBundled" value="true" />
            </plugin>
          </value>
        </entry>
        <entry key="*.dtd">
          <value>
            <plugin>
              <option name="myPluginId" value="com.intellij" />
              <option name="myPluginName" value="IDEA CORE" />
              <option name="myBundled" value="true" />
            </plugin>
          </value>
        </entry>
        <entry key="*.ear">
          <value>
            <plugin>
              <option name="myPluginId" value="com.intellij" />
              <option name="myPluginName" value="IDEA CORE" />
              <option name="myBundled" value="true" />
            </plugin>
          </value>
        </entry>
        <entry key="*.ebignore">
          <value>
            <plugin>
              <option name="myPluginId" value="mobi.hsz.idea.gitignore" />
              <option name="myPluginName" value=".ignore" />
            </plugin>
          </value>
        </entry>
        <entry key="*.egg">
          <value>
            <plugin>
              <option name="myPluginId" value="com.intellij" />
              <option name="myPluginName" value="IDEA CORE" />
              <option name="myBundled" value="true" />
            </plugin>
          </value>
        </entry>
        <entry key="*.elt">
          <value>
            <plugin>
              <option name="myPluginId" value="com.intellij" />
              <option name="myPluginName" value="IDEA CORE" />
              <option name="myBundled" value="true" />
            </plugin>
          </value>
        </entry>
        <entry key="*.ent">
          <value>
            <plugin>
              <option name="myPluginId" value="com.intellij" />
              <option name="myPluginName" value="IDEA CORE" />
              <option name="myBundled" value="true" />
            </plugin>
          </value>
        </entry>
        <entry key="*.eslintignore">
          <value>
            <plugin>
              <option name="myPluginId" value="mobi.hsz.idea.gitignore" />
              <option name="myPluginName" value=".ignore" />
            </plugin>
          </value>
        </entry>
        <entry key="*.f">
          <value>
            <plugin>
              <option name="myPluginId" value="org.jetbrains.fortran" />
              <option name="myPluginName" value="Fortran" />
            </plugin>
          </value>
        </entry>
        <entry key="*.f03">
          <value>
            <plugin>
              <option name="myPluginId" value="org.jetbrains.fortran" />
              <option name="myPluginName" value="Fortran" />
            </plugin>
          </value>
        </entry>
        <entry key="*.f08">
          <value>
            <plugin>
              <option name="myPluginId" value="org.jetbrains.fortran" />
              <option name="myPluginName" value="Fortran" />
            </plugin>
          </value>
        </entry>
        <entry key="*.f90">
          <value>
            <plugin>
              <option name="myPluginId" value="org.jetbrains.fortran" />
              <option name="myPluginName" value="Fortran" />
            </plugin>
          </value>
        </entry>
        <entry key="*.f95">
          <value>
            <plugin>
              <option name="myPluginId" value="org.jetbrains.fortran" />
              <option name="myPluginName" value="Fortran" />
            </plugin>
          </value>
        </entry>
        <entry key="*.flooignore">
          <value>
            <plugin>
              <option name="myPluginId" value="mobi.hsz.idea.gitignore" />
              <option name="myPluginName" value=".ignore" />
            </plugin>
          </value>
        </entry>
        <entry key="*.for">
          <value>
            <plugin>
              <option name="myPluginId" value="org.jetbrains.fortran" />
              <option name="myPluginName" value="Fortran" />
            </plugin>
          </value>
        </entry>
        <entry key="*.fxml">
          <value>
            <plugin>
              <option name="myPluginId" value="com.intellij" />
              <option name="myPluginName" value="IDEA CORE" />
              <option name="myBundled" value="true" />
            </plugin>
          </value>
        </entry>
        <entry key="*.gcloudignore">
          <value>
            <plugin>
              <option name="myPluginId" value="mobi.hsz.idea.gitignore" />
              <option name="myPluginName" value=".ignore" />
            </plugin>
          </value>
        </entry>
        <entry key="*.gif">
          <value>
            <plugin>
              <option name="myPluginId" value="com.intellij.platform.images" />
              <option name="myPluginName" value="com.intellij.platform.images" />
              <option name="myBundled" value="true" />
            </plugin>
          </value>
        </entry>
        <entry key="*.gitignore">
          <value>
            <plugin>
              <option name="myPluginId" value="Git4Idea" />
              <option name="myPluginName" value="Git" />
              <option name="myBundled" value="true" />
            </plugin>
          </value>
        </entry>
        <entry key="*.har">
          <value>
            <plugin>
              <option name="myPluginId" value="com.intellij" />
              <option name="myPluginName" value="IDEA CORE" />
              <option name="myBundled" value="true" />
            </plugin>
          </value>
        </entry>
        <entry key="*.helmignore">
          <value>
            <plugin>
              <option name="myPluginId" value="mobi.hsz.idea.gitignore" />
              <option name="myPluginName" value=".ignore" />
            </plugin>
          </value>
        </entry>
        <entry key="*.hgignore">
          <value>
            <plugin>
              <option name="myPluginId" value="hg4idea" />
              <option name="myPluginName" value="Mercurial" />
              <option name="myBundled" value="true" />
            </plugin>
          </value>
        </entry>
        <entry key="*.hlp">
          <value>
            <plugin>
              <option name="myPluginId" value="com.intellij" />
              <option name="myPluginName" value="IDEA CORE" />
              <option name="myBundled" value="true" />
            </plugin>
          </value>
        </entry>
        <entry key="*.htm">
          <value>
            <plugin>
              <option name="myPluginId" value="com.intellij" />
              <option name="myPluginName" value="IDEA CORE" />
              <option name="myBundled" value="true" />
            </plugin>
          </value>
        </entry>
        <entry key="*.html">
          <value>
            <plugin>
              <option name="myPluginId" value="com.intellij" />
              <option name="myPluginName" value="IDEA CORE" />
              <option name="myBundled" value="true" />
            </plugin>
          </value>
        </entry>
        <entry key="*.icns">
          <value>
            <plugin>
              <option name="myPluginId" value="com.intellij.platform.images" />
              <option name="myPluginName" value="com.intellij.platform.images" />
              <option name="myBundled" value="true" />
            </plugin>
          </value>
        </entry>
        <entry key="*.ico">
          <value>
            <plugin>
              <option name="myPluginId" value="com.intellij.platform.images" />
              <option name="myPluginName" value="com.intellij.platform.images" />
              <option name="myBundled" value="true" />
            </plugin>
          </value>
        </entry>
        <entry key="*.ignore">
          <value>
            <plugin>
              <option name="myPluginId" value="mobi.hsz.idea.gitignore" />
              <option name="myPluginName" value=".ignore" />
            </plugin>
          </value>
        </entry>
        <entry key="*.ignore-glob">
          <value>
            <plugin>
              <option name="myPluginId" value="mobi.hsz.idea.gitignore" />
              <option name="myPluginName" value=".ignore" />
            </plugin>
          </value>
        </entry>
        <entry key="*.iml">
          <value>
            <plugin>
              <option name="myPluginId" value="com.intellij" />
              <option name="myPluginName" value="IDEA CORE" />
              <option name="myBundled" value="true" />
            </plugin>
          </value>
        </entry>
        <entry key="*.ipr">
          <value>
            <plugin>
              <option name="myPluginId" value="com.intellij" />
              <option name="myPluginName" value="IDEA CORE" />
              <option name="myBundled" value="true" />
            </plugin>
          </value>
        </entry>
        <entry key="*.iws">
          <value>
            <plugin>
              <option name="myPluginId" value="com.intellij" />
              <option name="myPluginName" value="IDEA CORE" />
              <option name="myBundled" value="true" />
            </plugin>
          </value>
        </entry>
        <entry key="*.jar">
          <value>
            <plugin>
              <option name="myPluginId" value="com.intellij" />
              <option name="myPluginName" value="IDEA CORE" />
              <option name="myBundled" value="true" />
            </plugin>
          </value>
        </entry>
        <entry key="*.jbig2">
          <value>
            <plugin>
              <option name="myPluginId" value="com.intellij.platform.images" />
              <option name="myPluginName" value="com.intellij.platform.images" />
              <option name="myBundled" value="true" />
            </plugin>
          </value>
        </entry>
        <entry key="*.jhm">
          <value>
            <plugin>
              <option name="myPluginId" value="com.intellij" />
              <option name="myPluginName" value="IDEA CORE" />
              <option name="myBundled" value="true" />
            </plugin>
          </value>
        </entry>
        <entry key="*.jnlp">
          <value>
            <plugin>
              <option name="myPluginId" value="com.intellij" />
              <option name="myPluginName" value="IDEA CORE" />
              <option name="myBundled" value="true" />
            </plugin>
          </value>
        </entry>
        <entry key="*.jpeg">
          <value>
            <plugin>
              <option name="myPluginId" value="com.intellij.platform.images" />
              <option name="myPluginName" value="com.intellij.platform.images" />
              <option name="myBundled" value="true" />
            </plugin>
          </value>
        </entry>
        <entry key="*.jpg">
          <value>
            <plugin>
              <option name="myPluginId" value="com.intellij.platform.images" />
              <option name="myPluginName" value="com.intellij.platform.images" />
              <option name="myBundled" value="true" />
            </plugin>
          </value>
        </entry>
        <entry key="*.jpmignore">
          <value>
            <plugin>
              <option name="myPluginId" value="mobi.hsz.idea.gitignore" />
              <option name="myPluginName" value=".ignore" />
            </plugin>
          </value>
        </entry>
        <entry key="*.jql">
          <value>
            <plugin>
              <option name="myPluginId" value="com.intellij.tasks" />
              <option name="myPluginName" value="Task Management" />
              <option name="myBundled" value="true" />
            </plugin>
          </value>
        </entry>
        <entry key="*.jrxml">
          <value>
            <plugin>
              <option name="myPluginId" value="com.intellij" />
              <option name="myPluginName" value="IDEA CORE" />
              <option name="myBundled" value="true" />
            </plugin>
          </value>
        </entry>
        <entry key="*.jshintignore">
          <value>
            <plugin>
              <option name="myPluginId" value="mobi.hsz.idea.gitignore" />
              <option name="myPluginName" value=".ignore" />
            </plugin>
          </value>
        </entry>
        <entry key="*.json">
          <value>
            <plugin>
              <option name="myPluginId" value="com.intellij" />
              <option name="myPluginName" value="IDEA CORE" />
              <option name="myBundled" value="true" />
            </plugin>
          </value>
        </entry>
        <entry key="*.json5">
          <value>
            <plugin>
              <option name="myPluginId" value="com.intellij" />
              <option name="myPluginName" value="IDEA CORE" />
              <option name="myBundled" value="true" />
            </plugin>
          </value>
        </entry>
        <entry key="*.m">
          <value>
            <plugin>
              <option name="myPluginId" value="MatlabSupport" />
              <option name="myPluginName" value="Matlab Support" />
            </plugin>
          </value>
        </entry>
        <entry key="*.markdown">
          <value>
            <plugin>
              <option name="myPluginId" value="org.intellij.plugins.markdown" />
              <option name="myPluginName" value="Markdown" />
              <option name="myBundled" value="true" />
            </plugin>
          </value>
        </entry>
        <entry key="*.md">
          <value>
            <plugin>
              <option name="myPluginId" value="org.intellij.plugins.markdown" />
              <option name="myPluginName" value="Markdown" />
              <option name="myBundled" value="true" />
            </plugin>
          </value>
        </entry>
        <entry key="*.mdb">
          <value>
            <plugin>
              <option name="myPluginId" value="com.intellij" />
              <option name="myPluginName" value="IDEA CORE" />
              <option name="myBundled" value="true" />
            </plugin>
          </value>
        </entry>
        <entry key="*.mod">
          <value>
            <plugin>
              <option name="myPluginId" value="com.intellij" />
              <option name="myPluginName" value="IDEA CORE" />
              <option name="myBundled" value="true" />
            </plugin>
          </value>
        </entry>
        <entry key="*.mtn-ignore">
          <value>
            <plugin>
              <option name="myPluginId" value="mobi.hsz.idea.gitignore" />
              <option name="myPluginName" value=".ignore" />
            </plugin>
          </value>
        </entry>
        <entry key="*.nodemonignore">
          <value>
            <plugin>
              <option name="myPluginId" value="mobi.hsz.idea.gitignore" />
              <option name="myPluginName" value=".ignore" />
            </plugin>
          </value>
        </entry>
        <entry key="*.npmignore">
          <value>
            <plugin>
              <option name="myPluginId" value="mobi.hsz.idea.gitignore" />
              <option name="myPluginName" value=".ignore" />
            </plugin>
          </value>
        </entry>
        <entry key="*.nuxtignore">
          <value>
            <plugin>
              <option name="myPluginId" value="mobi.hsz.idea.gitignore" />
              <option name="myPluginName" value=".ignore" />
            </plugin>
          </value>
        </entry>
        <entry key="*.odt">
          <value>
            <plugin>
              <option name="myPluginId" value="com.intellij" />
              <option name="myPluginName" value="IDEA CORE" />
              <option name="myBundled" value="true" />
            </plugin>
          </value>
        </entry>
        <entry key="*.p4ignore">
          <value>
            <plugin>
              <option name="myPluginId" value="mobi.hsz.idea.gitignore" />
              <option name="myPluginName" value=".ignore" />
            </plugin>
          </value>
        </entry>
        <entry key="*.pam">
          <value>
            <plugin>
              <option name="myPluginId" value="com.intellij.platform.images" />
              <option name="myPluginName" value="com.intellij.platform.images" />
              <option name="myBundled" value="true" />
            </plugin>
          </value>
        </entry>
        <entry key="*.patch">
          <value>
            <plugin>
              <option name="myPluginId" value="com.intellij" />
              <option name="myPluginName" value="IDEA CORE" />
              <option name="myBundled" value="true" />
            </plugin>
          </value>
        </entry>
        <entry key="*.pbm">
          <value>
            <plugin>
              <option name="myPluginId" value="com.intellij.platform.images" />
              <option name="myPluginName" value="com.intellij.platform.images" />
              <option name="myBundled" value="true" />
            </plugin>
          </value>
        </entry>
        <entry key="*.pcx">
          <value>
            <plugin>
              <option name="myPluginId" value="com.intellij.platform.images" />
              <option name="myPluginName" value="com.intellij.platform.images" />
              <option name="myBundled" value="true" />
            </plugin>
          </value>
        </entry>
        <entry key="*.pdf">
          <value>
            <plugin>
              <option name="myPluginId" value="com.intellij" />
              <option name="myPluginName" value="IDEA CORE" />
              <option name="myBundled" value="true" />
            </plugin>
          </value>
        </entry>
        <entry key="*.pgm">
          <value>
            <plugin>
              <option name="myPluginId" value="com.intellij.platform.images" />
              <option name="myPluginName" value="com.intellij.platform.images" />
              <option name="myBundled" value="true" />
            </plugin>
          </value>
        </entry>
        <entry key="*.png">
          <value>
            <plugin>
              <option name="myPluginId" value="com.intellij.platform.images" />
              <option name="myPluginName" value="com.intellij.platform.images" />
              <option name="myBundled" value="true" />
            </plugin>
          </value>
        </entry>
        <entry key="*.pnm">
          <value>
            <plugin>
              <option name="myPluginId" value="com.intellij.platform.images" />
              <option name="myPluginName" value="com.intellij.platform.images" />
              <option name="myBundled" value="true" />
            </plugin>
          </value>
        </entry>
        <entry key="*.ppm">
          <value>
            <plugin>
              <option name="myPluginId" value="com.intellij.platform.images" />
              <option name="myPluginName" value="com.intellij.platform.images" />
              <option name="myBundled" value="true" />
            </plugin>
          </value>
        </entry>
        <entry key="*.ppt">
          <value>
            <plugin>
              <option name="myPluginId" value="com.intellij" />
              <option name="myPluginName" value="IDEA CORE" />
              <option name="myBundled" value="true" />
            </plugin>
          </value>
        </entry>
        <entry key="*.pptx">
          <value>
            <plugin>
              <option name="myPluginId" value="com.intellij" />
              <option name="myPluginName" value="IDEA CORE" />
              <option name="myBundled" value="true" />
            </plugin>
          </value>
        </entry>
        <entry key="*.prettierignore">
          <value>
            <plugin>
              <option name="myPluginId" value="mobi.hsz.idea.gitignore" />
              <option name="myPluginName" value=".ignore" />
            </plugin>
          </value>
        </entry>
        <entry key="*.properties">
          <value>
            <plugin>
              <option name="myPluginId" value="com.intellij.properties" />
              <option name="myPluginName" value="Properties" />
              <option name="myBundled" value="true" />
            </plugin>
          </value>
        </entry>
        <entry key="*.psd">
          <value>
            <plugin>
              <option name="myPluginId" value="com.intellij.platform.images" />
              <option name="myPluginName" value="com.intellij.platform.images" />
              <option name="myBundled" value="true" />
            </plugin>
          </value>
        </entry>
        <entry key="*.psv">
          <value>
            <plugin>
              <option name="myPluginId" value="net.seesharpsoft.intellij.plugins.csv" />
              <option name="myPluginName" value="CSV Plugin" />
            </plugin>
          </value>
        </entry>
        <entry key="*.py">
          <value>
            <plugin>
              <option name="myPluginId" value="PythonCore" />
              <option name="myPluginName" value="Python Community Edition" />
              <option name="myBundled" value="true" />
            </plugin>
          </value>
        </entry>
        <entry key="*.pyi">
          <value>
            <plugin>
              <option name="myPluginId" value="PythonCore" />
              <option name="myPluginName" value="Python Community Edition" />
              <option name="myBundled" value="true" />
            </plugin>
          </value>
        </entry>
        <entry key="*.pyw">
          <value>
            <plugin>
              <option name="myPluginId" value="PythonCore" />
              <option name="myPluginName" value="Python Community Edition" />
              <option name="myBundled" value="true" />
            </plugin>
          </value>
        </entry>
        <entry key="*.qrc">
          <value>
            <plugin>
              <option name="myPluginId" value="com.intellij" />
              <option name="myPluginName" value="IDEA CORE" />
              <option name="myBundled" value="true" />
            </plugin>
          </value>
        </entry>
        <entry key="*.r">
          <value>
            <plugin>
              <option name="myPluginId" value="R4Intellij" />
              <option name="myPluginName" value="R Language for IntelliJ" />
            </plugin>
          </value>
        </entry>
        <entry key="*.regexp">
          <value>
            <plugin>
              <option name="myPluginId" value="com.intellij" />
              <option name="myPluginName" value="IDEA CORE" />
              <option name="myBundled" value="true" />
            </plugin>
          </value>
        </entry>
        <entry key="*.rgbe">
          <value>
            <plugin>
              <option name="myPluginId" value="com.intellij.platform.images" />
              <option name="myPluginName" value="com.intellij.platform.images" />
              <option name="myBundled" value="true" />
            </plugin>
          </value>
        </entry>
        <entry key="*.rmd">
          <value>
            <plugin>
              <option name="myPluginId" value="R4Intellij" />
              <option name="myPluginName" value="R Language for IntelliJ" />
            </plugin>
          </value>
        </entry>
        <entry key="*.rnc">
          <value>
            <plugin>
              <option name="myPluginId" value="com.intellij" />
              <option name="myPluginName" value="IDEA CORE" />
              <option name="myBundled" value="true" />
            </plugin>
          </value>
        </entry>
        <entry key="*.rng">
          <value>
            <plugin>
              <option name="myPluginId" value="com.intellij" />
              <option name="myPluginName" value="IDEA CORE" />
              <option name="myBundled" value="true" />
            </plugin>
          </value>
        </entry>
        <entry key="*.rpluginskeletonfile">
          <value>
            <plugin>
              <option name="myPluginId" value="R4Intellij" />
              <option name="myPluginName" value="R Language for IntelliJ" />
            </plugin>
          </value>
        </entry>
        <entry key="*.rprofile">
          <value>
            <plugin>
              <option name="myPluginId" value="R4Intellij" />
              <option name="myPluginName" value="R Language for IntelliJ" />
            </plugin>
          </value>
        </entry>
        <entry key="*.rst">
          <value>
            <plugin>
              <option name="myPluginId" value="org.jetbrains.plugins.rest" />
              <option name="myPluginName" value="ReStructuredText" />
              <option name="myBundled" value="true" />
            </plugin>
          </value>
        </entry>
        <entry key="*.sh">
          <value>
            <plugin>
              <option name="myPluginId" value="com.jetbrains.sh" />
              <option name="myPluginName" value="Shell Script" />
              <option name="myBundled" value="true" />
            </plugin>
          </value>
        </entry>
        <entry key="*.sht">
          <value>
            <plugin>
              <option name="myPluginId" value="com.intellij" />
              <option name="myPluginName" value="IDEA CORE" />
              <option name="myBundled" value="true" />
            </plugin>
          </value>
        </entry>
        <entry key="*.shtm">
          <value>
            <plugin>
              <option name="myPluginId" value="com.intellij" />
              <option name="myPluginName" value="IDEA CORE" />
              <option name="myBundled" value="true" />
            </plugin>
          </value>
        </entry>
        <entry key="*.shtml">
          <value>
            <plugin>
              <option name="myPluginId" value="com.intellij" />
              <option name="myPluginName" value="IDEA CORE" />
              <option name="myBundled" value="true" />
            </plugin>
          </value>
        </entry>
        <entry key="*.stylelintignore">
          <value>
            <plugin>
              <option name="myPluginId" value="mobi.hsz.idea.gitignore" />
              <option name="myPluginName" value=".ignore" />
            </plugin>
          </value>
        </entry>
        <entry key="*.stylintignore">
          <value>
            <plugin>
              <option name="myPluginId" value="mobi.hsz.idea.gitignore" />
              <option name="myPluginName" value=".ignore" />
            </plugin>
          </value>
        </entry>
        <entry key="*.svg">
          <value>
            <plugin>
              <option name="myPluginId" value="com.intellij.platform.images" />
              <option name="myPluginName" value="com.intellij.platform.images" />
              <option name="myBundled" value="true" />
            </plugin>
          </value>
        </entry>
        <entry key="*.swagger-codegen-ignore">
          <value>
            <plugin>
              <option name="myPluginId" value="mobi.hsz.idea.gitignore" />
              <option name="myPluginName" value=".ignore" />
            </plugin>
          </value>
        </entry>
        <entry key="*.swc">
          <value>
            <plugin>
              <option name="myPluginId" value="com.intellij" />
              <option name="myPluginName" value="IDEA CORE" />
              <option name="myBundled" value="true" />
            </plugin>
          </value>
        </entry>
        <entry key="*.tab">
          <value>
            <plugin>
              <option name="myPluginId" value="net.seesharpsoft.intellij.plugins.csv" />
              <option name="myPluginName" value="CSV Plugin" />
            </plugin>
          </value>
        </entry>
        <entry key="*.tfignore">
          <value>
            <plugin>
              <option name="myPluginId" value="mobi.hsz.idea.gitignore" />
              <option name="myPluginName" value=".ignore" />
            </plugin>
          </value>
        </entry>
        <entry key="*.tga">
          <value>
            <plugin>
              <option name="myPluginId" value="com.intellij.platform.images" />
              <option name="myPluginName" value="com.intellij.platform.images" />
              <option name="myBundled" value="true" />
            </plugin>
          </value>
        </entry>
        <entry key="*.tif">
          <value>
            <plugin>
              <option name="myPluginId" value="com.intellij.platform.images" />
              <option name="myPluginName" value="com.intellij.platform.images" />
              <option name="myBundled" value="true" />
            </plugin>
          </value>
        </entry>
        <entry key="*.tiff">
          <value>
            <plugin>
              <option name="myPluginId" value="com.intellij.platform.images" />
              <option name="myPluginName" value="com.intellij.platform.images" />
              <option name="myBundled" value="true" />
            </plugin>
          </value>
        </entry>
        <entry key="*.tld">
          <value>
            <plugin>
              <option name="myPluginId" value="com.intellij" />
              <option name="myPluginName" value="IDEA CORE" />
              <option name="myBundled" value="true" />
            </plugin>
          </value>
        </entry>
        <entry key="*.tsv">
          <value>
            <plugin>
              <option name="myPluginId" value="net.seesharpsoft.intellij.plugins.csv" />
              <option name="myPluginName" value="CSV Plugin" />
            </plugin>
          </value>
        </entry>
        <entry key="*.txt">
          <value>
            <plugin>
              <option name="myPluginId" value="com.intellij" />
              <option name="myPluginName" value="IDEA CORE" />
              <option name="myBundled" value="true" />
            </plugin>
          </value>
        </entry>
        <entry key="*.ui">
          <value>
            <plugin>
              <option name="myPluginId" value="PythonCore" />
              <option name="myPluginName" value="Python Community Edition" />
              <option name="myBundled" value="true" />
            </plugin>
          </value>
        </entry>
        <entry key="*.upignore">
          <value>
            <plugin>
              <option name="myPluginId" value="mobi.hsz.idea.gitignore" />
              <option name="myPluginName" value=".ignore" />
            </plugin>
          </value>
        </entry>
        <entry key="*.vsd">
          <value>
            <plugin>
              <option name="myPluginId" value="com.intellij" />
              <option name="myPluginName" value="IDEA CORE" />
              <option name="myBundled" value="true" />
            </plugin>
          </value>
        </entry>
        <entry key="*.war">
          <value>
            <plugin>
              <option name="myPluginId" value="com.intellij" />
              <option name="myPluginName" value="IDEA CORE" />
              <option name="myBundled" value="true" />
            </plugin>
          </value>
        </entry>
        <entry key="*.wbmp">
          <value>
            <plugin>
              <option name="myPluginId" value="com.intellij.platform.images" />
              <option name="myPluginName" value="com.intellij.platform.images" />
              <option name="myBundled" value="true" />
            </plugin>
          </value>
        </entry>
        <entry key="*.wsdl">
          <value>
            <plugin>
              <option name="myPluginId" value="com.intellij" />
              <option name="myPluginName" value="IDEA CORE" />
              <option name="myBundled" value="true" />
            </plugin>
          </value>
        </entry>
        <entry key="*.xbm">
          <value>
            <plugin>
              <option name="myPluginId" value="com.intellij.platform.images" />
              <option name="myPluginName" value="com.intellij.platform.images" />
              <option name="myBundled" value="true" />
            </plugin>
          </value>
        </entry>
        <entry key="*.xhtml">
          <value>
            <plugin>
              <option name="myPluginId" value="com.intellij" />
              <option name="myPluginName" value="IDEA CORE" />
              <option name="myBundled" value="true" />
            </plugin>
          </value>
        </entry>
        <entry key="*.xls">
          <value>
            <plugin>
              <option name="myPluginId" value="com.intellij" />
              <option name="myPluginName" value="IDEA CORE" />
              <option name="myBundled" value="true" />
            </plugin>
          </value>
        </entry>
        <entry key="*.xlsx">
          <value>
            <plugin>
              <option name="myPluginId" value="com.intellij" />
              <option name="myPluginName" value="IDEA CORE" />
              <option name="myBundled" value="true" />
            </plugin>
          </value>
        </entry>
        <entry key="*.xml">
          <value>
            <plugin>
              <option name="myPluginId" value="com.intellij" />
              <option name="myPluginName" value="IDEA CORE" />
              <option name="myBundled" value="true" />
            </plugin>
          </value>
        </entry>
        <entry key="*.xpm">
          <value>
            <plugin>
              <option name="myPluginId" value="com.intellij.platform.images" />
              <option name="myPluginName" value="com.intellij.platform.images" />
              <option name="myBundled" value="true" />
            </plugin>
          </value>
        </entry>
        <entry key="*.xsd">
          <value>
            <plugin>
              <option name="myPluginId" value="com.intellij" />
              <option name="myPluginName" value="IDEA CORE" />
              <option name="myBundled" value="true" />
            </plugin>
          </value>
        </entry>
        <entry key="*.xsl">
          <value>
            <plugin>
              <option name="myPluginId" value="com.intellij" />
              <option name="myPluginName" value="IDEA CORE" />
              <option name="myBundled" value="true" />
            </plugin>
          </value>
        </entry>
        <entry key="*.xslt">
          <value>
            <plugin>
              <option name="myPluginId" value="com.intellij" />
              <option name="myPluginName" value="IDEA CORE" />
              <option name="myBundled" value="true" />
            </plugin>
          </value>
        </entry>
        <entry key="*.xul">
          <value>
            <plugin>
              <option name="myPluginId" value="com.intellij" />
              <option name="myPluginName" value="IDEA CORE" />
              <option name="myBundled" value="true" />
            </plugin>
          </value>
        </entry>
        <entry key="*.yaml">
          <value>
            <plugin>
              <option name="myPluginId" value="org.jetbrains.plugins.yaml" />
              <option name="myPluginName" value="YAML" />
              <option name="myBundled" value="true" />
            </plugin>
          </value>
        </entry>
        <entry key="*.yml">
          <value>
            <plugin>
              <option name="myPluginId" value="org.jetbrains.plugins.yaml" />
              <option name="myPluginName" value="YAML" />
              <option name="myBundled" value="true" />
            </plugin>
          </value>
        </entry>
        <entry key="*.zip">
          <value>
            <plugin>
              <option name="myPluginId" value="com.intellij" />
              <option name="myPluginName" value="IDEA CORE" />
              <option name="myBundled" value="true" />
            </plugin>
          </value>
        </entry>
        <entry key="*.zsh">
          <value>
            <plugin>
              <option name="myPluginId" value="com.jetbrains.sh" />
              <option name="myPluginName" value="Shell Script" />
              <option name="myBundled" value="true" />
            </plugin>
          </value>
        </entry>
        <entry key=".editorconfig">
          <value>
            <plugin>
              <option name="myPluginId" value="org.editorconfig.editorconfigjetbrains" />
              <option name="myPluginName" value="EditorConfig" />
              <option name="myBundled" value="true" />
            </plugin>
          </value>
        </entry>
        <entry key=".gitmodules">
          <value>
            <plugin>
              <option name="myPluginId" value="com.intellij" />
              <option name="myPluginName" value="IDEA CORE" />
              <option name="myBundled" value="true" />
            </plugin>
          </value>
        </entry>
        <entry key="Dockerfile">
          <value>
            <plugin>
              <option name="myPluginId" value="Docker" />
              <option name="myPluginName" value="Docker" />
            </plugin>
          </value>
        </entry>
        <entry key="Dockerfile.fast-jar">
          <value>
            <plugin>
              <option name="myPluginId" value="Docker" />
              <option name="myPluginName" value="Docker" />
            </plugin>
          </value>
        </entry>
        <entry key="Dockerfile.jlink">
          <value>
            <plugin>
              <option name="myPluginId" value="Docker" />
              <option name="myPluginName" value="Docker" />
            </plugin>
          </value>
        </entry>
        <entry key="Dockerfile.jvm">
          <value>
            <plugin>
              <option name="myPluginId" value="Docker" />
              <option name="myPluginName" value="Docker" />
            </plugin>
          </value>
        </entry>
        <entry key="Dockerfile.native">
          <value>
            <plugin>
              <option name="myPluginId" value="Docker" />
              <option name="myPluginName" value="Docker" />
            </plugin>
          </value>
        </entry>
        <entry key="buildout.cfg">
          <value>
            <plugin>
              <option name="myPluginId" value="PythonCore" />
              <option name="myPluginName" value="Python Community Edition" />
              <option name="myBundled" value="true" />
            </plugin>
          </value>
        </entry>
        <entry key="exclude">
          <value>
            <plugin>
              <option name="myPluginId" value="Git4Idea" />
              <option name="myPluginName" value="Git" />
              <option name="myBundled" value="true" />
            </plugin>
          </value>
        </entry>
      </map>
    </option>
  </component>
  <component name="PluginFeatureService">
    <option name="features">
      <map>
        <entry key="com.intellij.configurationType">
          <value>
            <FeaturePluginsList>
              <option name="featureMap">
                <map>
                  <entry key="CompoundRunConfigurationType">
                    <value>
                      <FeaturePluginData displayName="Compound" pluginName="IDEA CORE" pluginId="com.intellij" />
                    </value>
                  </entry>
                  <entry key="MatlabApplication">
                    <value>
                      <FeaturePluginData displayName="Matlab" pluginName="Matlab Support" pluginId="MatlabSupport" />
                    </value>
                  </entry>
                  <entry key="PythonConfigurationType">
                    <value>
                      <FeaturePluginData displayName="Python" pluginName="Python Community Edition" pluginId="PythonCore" />
                    </value>
                  </entry>
                  <entry key="R">
                    <value>
                      <FeaturePluginData displayName="R" pluginName="R Language for IntelliJ" pluginId="R4Intellij" />
                    </value>
                  </entry>
                  <entry key="ShConfigurationType">
                    <value>
                      <FeaturePluginData displayName="Shell Script" pluginName="Shell Script" pluginId="com.jetbrains.sh" />
                    </value>
                  </entry>
                  <entry key="Tox">
                    <value>
                      <FeaturePluginData displayName="tox" pluginName="Python Community Edition" pluginId="PythonCore" />
                    </value>
                  </entry>
                  <entry key="docker-deploy">
                    <value>
                      <FeaturePluginData displayName="Docker" pluginName="IDEA CORE" pluginId="com.intellij" />
                    </value>
                  </entry>
                  <entry key="docs">
                    <value>
                      <FeaturePluginData displayName="Python docs" pluginName="PythonCore" pluginId="PythonCore" />
                    </value>
                  </entry>
                  <entry key="tests">
                    <value>
                      <FeaturePluginData displayName="Python tests" pluginName="Python Community Edition" pluginId="PythonCore" />
                    </value>
                  </entry>
                </map>
              </option>
            </FeaturePluginsList>
          </value>
        </entry>
        <entry key="com.intellij.facetType">
          <value>
            <FeaturePluginsList>
              <option name="featureMap">
                <map>
                  <entry key="buildout-python">
                    <value>
                      <FeaturePluginData displayName="Buildout Support" pluginName="Python Community Edition" pluginId="PythonCore" />
                    </value>
                  </entry>
                </map>
              </option>
            </FeaturePluginsList>
          </value>
        </entry>
      </map>
    </option>
  </component>
</application>